p1_001_1x_Kate.png	1x	Kate
p1_002_1x_Kyle.png	1x	Kyle
p1_003_2x_Flat tile 1x1, round, no. 76.png	2x	Flat tile 1x1, round, no. 76
p1_004_72x_Connector peg w friction.png	72x	Connector peg w/friction
p1_005_10x_Cross axle 2m w snap w friction.png	10x	Cross axle 2m w/snap w/friction
p1_006_4x_Ball w friction snap.png	4x	Ball w/friction snap
p1_007_4x_Damper 2m.png	4x	Damper 2m
p1_008_2x_Double conical wheel z12.png	2x	Double conical wheel z12
p1_009_4x_Flat tile round 2x2, black.png	4x	Flat tile round 2x2, black
p1_010_4x_Angle element, 180 degrees [2].png	4x	Angle element, 180 degrees [2]
p1_011_4x_Cross axle 4m.png	4x	Cross axle 4m
p1_012_4x_Cross axle 8m.png	4x	Cross axle 8m
p1_013_2x_Track rod 6m.png	2x	Track rod 6m
p1_014_2x_Tyre low narrow 24x7mm.png	2x	Tyre low narrow ø24x7mm
p1_015_2x_Wedge-belt wheel 24.png	2x	Wedge-belt wheel ø24
p1_016_2x_Tyre for wedge-belt wheel.png	2x	Tyre for wedge-belt wheel
p1_017_2x_Double conical wheel z36.png	2x	Double conical wheel z36
p1_018_4x_T-beam 3x3.png	4x	T-beam 3x3
p1_019_4x_Biscuit 1x3x3, black.png	4x	Biscuit 1x3x3, black
p1_020_4x_Technic angular beam 4x4.png	4x	Technic angular beam 4x4
p1_021_4x_Technic double angular beam 3x7 45 degrees.png	4x	Technic double angular beam 3x7 45 degrees
p1_022_4x_Brick 2x6 w bow.png	4x	Brick 2x6 w/bow
p1_023_4x_Plate 2x8 w holes.png	4x	Plate 2x8 w/holes
p1_024_2x_Technic frame 5x7.png	2x	Technic frame 5x7
p1_025_2x_Flat panel 3x11m.png	2x	Flat panel 3x11m
p1_026_2x_Rack 13m.png	2x	Rack 13m
p1_027_4x_Technic 9m beam.png	4x	Technic 9m beam
p1_028_6x_Technic 15m beam.png	6x	Technic 15m beam
p1_029_10x_Bush for cross axle.png	10x	Bush for cross axle
p1_030_4x_Angle element, 0 degrees [1].png	4x	Angle element, 0 degrees [1]
p1_031_10x_2m fric. snap w cross hole.png	10x	2m fric. snap w/cross hole
p1_032_2x_Beam 1m w 2 snaps.png	2x	Beam 1m w/2 snaps
p1_033_12x_Beam 3 m. w 4 snaps.png	12x	Beam 3 m. w/4 snaps
p1_034_4x_Angular beam 90 degrees w 4 snaps.png	4x	Angular beam 90 degrees w/4 snaps
p1_035_3x_Beam I-frame 3x5.png	3x	Beam I-frame 3x5
p1_036_2x_Angled gear wheel z28.png	2x	Angled gear wheel z28
p1_037_4x_Cross axle 5m.png	4x	Cross axle 5m
p1_038_4x_Cross axle 9m.png	4x	Cross axle 9m
p1_039_2x_Flat tile 1x1, round, no. 62.png	2x	Flat tile 1x1, round, no. 62
p1_040_2x_Plate round w 1 knob.png	2x	Plate round w/1 knob
p1_041_2x_Flat tile 2x2, round, no. 1099.png	2x	Flat tile 2x2, round, no. 1099
p1_042_2x_Bionicle eye.png	2x	Bionicle eye
p1_043_4x_Double cross block.png	4x	Double cross block
p1_044_2x_Cross axle, extension 2m.png	2x	Cross axle, extension 2m
p1_045_4x_Angle element 135 degrees. [4].png	4x	Angle element 135 degrees. [4]
p1_046_4x_Brick round 2x2, white.png	4x	Brick round 2x2, white
p1_047_2x_Rim narrow 18x7 mm cross.png	2x	Rim narrow ø18x7 mm cross
p1_048_2x_Satellite dish 6x6.png	2x	Satellite dish 6x6
p1_049_1x_Ball.png	1x	Ball
p1_050_1x_Ball cup.png	1x	Ball cup
p1_051_4x_Plate round 2x2.png	4x	Plate round 2x2
p1_052_2x_Wire clip w cross hole, azur.png	2x	Wire clip w/ cross hole, azur
p1_053_4x_Technic 2m beam w cross hole.png	4x	Technic 2m beam w/cross hole
p1_054_4x_Technic ang. beam 3x5 90 deg..png	4x	Technic ang. beam 3x5 90 deg.
p1_055_6x_Technic 7m beam.png	6x	Technic 7m beam
p1_056_4x_Technic 13m beam.png	4x	Technic 13m beam
p1_057_10x_Connector peg w friction 3 m.png	10x	Connector peg w/friction 3 m
p1_058_2x_Wire clip w cross hole, blue.png	2x	Wire clip w/ cross hole, blue
p1_059_2x_Brick 2x4 w cross hole, blue.png	2x	Brick 2x4 w/ cross hole, blue
p1_060_20x_Connector peg cross axle.png	20x	Connector peg/cross axle
p1_061_2x_Double conical wheel z20.png	2x	Double conical wheel z20
p1_062_2x_Tube, w double 4.85 hole.png	2x	Tube, w/ double 4.85 hole
p1_063_2x_Wire clip w cross hole, yellow.png	2x	Wire clip w/ cross hole, yellow
p1_064_4x_Angle element 90 degrees [6].png	4x	Angle element 90 degrees [6]
p1_065_4x_Roof tile 1 x2 x 2 3.png	4x	Roof tile 1 x2 x 2/3
p1_066_4x_Brick w half bow 2x3 w cut.png	4x	Brick w/half bow 2x3 w/cut
p1_067_8x_Cross axle 3m.png	8x	Cross axle 3m
p1_068_4x_Cross axle 7m.png	4x	Cross axle 7m
p1_069_2x_Cross axle 11m.png	2x	Cross axle 11m
p1_070_2x_Technic angular beam 3x7.png	2x	Technic angular beam 3x7
p1_071_4x_Technic angular beam 2x4 90 degrees.png	4x	Technic angular beam 2x4 90 degrees
p1_072_6x_Technic 3m beam.png	6x	Technic 3m beam
p1_073_2x_Brick 2x4 w cross hole, yellow.png	2x	Brick 2x4 w/ cross hole, yellow
p1_074_2x_Rubber band 33, yellow.png	2x	Rubber band ø33, yellow
p1_075_8x_Cross axle 2m w groove.png	8x	Cross axle 2m w/groove
p1_076_2x_Wire clip w cross hole, red.png	2x	Wire clip w/ cross hole, red
p1_077_2x_Brick 2x4 w cross hole, red.png	2x	Brick 2x4 w/ cross hole, red
p1_078_2x_Wire clip w cross hole, green.png	2x	Wire clip w/ cross hole, green
p1_079_2x_Brick 2x4 w cross hole, green.png	2x	Brick 2x4 w/ cross hole, green
p1_080_2x_Wire clip w cross hole, magenta.png	2x	Wire clip w/ cross hole, magenta
p1_081_4x_Technic 5m beam.png	4x	Technic 5m beam
p1_082_4x_Technic 11m beam.png	4x	Technic 11m beam
p1_083_6x_Biscuit 1x3x3, magenta.png	6x	Biscuit 1x3x3, magenta
p1_084_2x_Brick 2x4 w cross hole, magenta.png	2x	Brick 2x4 w/ cross hole, magenta
p1_085_2x_Plate 2x16.png	2x	Plate 2x16
p1_086_2x_Technic frame 7x11.png	2x	Technic frame 7x11
p1_087_2x_Bowed panel 3x11x2.png	2x	Bowed panel 3x11x2
p1_088_1x_Left shell 3x8x2 w bow angle.png	1x	Left shell 3x8x2 w/bow/angle
p1_089_1x_Right shell 3x8x2 w bow angle.png	1x	Right shell 3x8x2 w/bow/angle
p1_090_4x_Wheel 56.png	4x	Wheel ø56
p1_091_1x_Shell 6x8x2 w bow angle.png	1x	Shell 6x8x2 w/bow/angle
p1_092_2x_Technic frame 11x15.png	2x	Technic frame 11x15
p1_093_1x_Large Motor.png	1x	Large Motor
p1_094_1x_Large Motor.png	1x	Large Motor
p1_095_2x_Medium Motor.png	2x	Medium Motor
p1_096_2x_Medium Motor.png	2x	Medium Motor
p1_097_1x_Distance Sensor.png	1x	Distance Sensor
p1_098_1x_Distance Sensor.png	1x	Distance Sensor
p1_099_1x_Force Sensor.png	1x	Force Sensor
p1_100_1x_Force Sensor.png	1x	Force Sensor
p1_101_1x_Color Sensor.png	1x	Color Sensor
p1_102_1x_Hub battery.png	1x	Hub battery
p1_103_1x_Hub battery.png	1x	Hub battery
p1_104_1x_Large Hub.png	1x	Large Hub
p1_105_1x_Large Hub.png	1x	Large Hub
p1_106_2x_Panel 11x19.png	2x	Panel 11x19
p1_107_2x_Flex hose Flex h 19m w 3. 18 stick 19m w.png	2x	Flex hose Flex h 19m w/3. 18 stick 19m w
p1_108_2x_Flex hose Flex h 19m w 3. 18 stick 19m w.png	2x	Flex hose Flex h 19m w/3. 18 stick 19m w
p1_109_2x_Flex hose Flex h 19m w 3. 18 stick 19m w.png	2x	Flex hose Flex h 19m w/3. 18 stick 19m w
p1_110_1x_Micro USB cable ro USB cable.png	1x	Micro USB cable ro USB cable
p2_111_4x_Beam 1m.png	4x	Beam 1m
p2_112_80x_Connector peg w friction.png	80x	Connector peg w/friction
p2_113_4x_Flat tile 2x2 round w. hole 4.85.png	4x	Flat tile 2x2 round w. hole 4.85
p2_114_6x_Catch w cross hole.png	6x	Catch w/cross hole
p2_115_2x_Double conical wheel z12.png	2x	Double conical wheel z12
p2_116_16x_Wire clip w cross hole, black.png	16x	Wire clip w/ cross hole, black
p2_117_4x_Technic cross block 2x1.png	4x	Technic cross block 2x1
p2_118_4x_Angle element, 112,5 degr. [5].png	4x	Angle element, 112,5 degr. [5]
p2_119_2x_Brick 2x2, black.png	2x	Brick 2x2, black
p2_120_4x_Barrel 3x3.png	4x	Barrel 3x3
p2_121_4x_Cross axle 4m.png	4x	Cross axle 4m
p2_122_2x_Beam 3m w fork.png	2x	Beam 3m w/fork
p2_123_2x_Upper part turntable z28.png	2x	Upper part turntable z28
p2_124_2x_Double conical wheel z36.png	2x	Double conical wheel z36
p2_125_2x_Rack 7m.png	2x	Rack 7m
p2_126_4x_Technic angular beam 4x4.png	4x	Technic angular beam 4x4
p2_127_4x_Double angular beam 3x7 45 degrees.png	4x	Double angular beam 3x7 45 degrees
p2_128_8x_Technic 9m beam.png	8x	Technic 9m beam
p2_129_12x_Bush for cross axle.png	12x	Bush for cross axle
p2_130_6x_Catch.png	6x	Catch
p2_131_12x_Connector peg.png	12x	Connector peg
p2_132_6x_2m fric. snap w cross hole.png	6x	2m fric. snap w/ cross hole
p2_133_4x_Cross axle 5m.png	4x	Cross axle 5m
p2_134_4x_Cross axle 4m with end stop.png	4x	Cross axle 4m with end stop
p2_135_2x_Cross axle 8m with end stop.png	2x	Cross axle 8m with end stop
p2_136_2x_Lower part turntable z28.png	2x	Lower part turntable z28
p2_137_8x_Cross block 3x2.png	8x	Cross block 3x2
p2_138_10x_Beam 3 m. w 4 snaps.png	10x	Beam 3 m. w/4 snaps
p2_139_6x_Angular beam 90 degrees w 4 snaps.png	6x	Angular beam 90 degrees w/4 snaps
p2_140_6x_Beam I-frame 3x5.png	6x	Beam I-frame 3x5
p2_141_2x_Double conical wheel z28.png	2x	Double conical wheel z28
p2_142_4x_Beam 1m w cross axle.png	4x	Beam 1m w/cross axle
p2_143_4x_Double cross block.png	4x	Double cross block
p2_144_2x_Brick 2x2, white.png	2x	Brick 2x2, white
p2_145_4x_Technic 3m beam.png	4x	Technic 3m beam
p2_146_6x_Technic angular beam 3x5 90 degrees.png	6x	Technic angular beam 3x5 90 degrees
p2_147_2x_Technic angular beam 4x6.png	2x	Technic angular beam 4x6
p2_148_2x_Brick 1x2x1 1 3 w 2 plates 2x2.png	2x	Brick 1x2x1 1/3 w/2 plates 2x2
p2_149_1x_Chicken.png	1x	Chicken
p2_150_4x_Cross axle, extension, 2m.png	4x	Cross axle, extension, 2m
p2_151_2x_Rubber band, white.png	2x	Rubber band, white
p2_152_1x_Ball 19.png	1x	Ball ø19
p2_153_1x_Ball cup 19.png	1x	Ball cup ø19
p2_154_4x_Plate round w 1 knob.png	4x	Plate round w/1 knob
p2_155_2x_Wire clip w cross hole, azur.png	2x	Wire clip w/ cross hole, azur
p2_156_4x_Angle element, 157,5 degr. [3].png	4x	Angle element, 157,5 degr. [3]
p2_157_2x_Brick 2x2, azur.png	2x	Brick 2x2, azur
p2_158_6x_Technic 7m beam.png	6x	Technic 7m beam
p2_159_4x_Technic ang. beam 3x5 90 deg..png	4x	Technic ang. beam 3x5 90 deg.
p2_160_2x_Brick round 2x2, transparent.png	2x	Brick round 2x2, transparent
p2_161_16x_Connector peg w knob.png	16x	Connector peg w/knob
p2_162_24x_Connector peg cross axle w.fric..png	24x	Connector peg cross axle w.fric.
p2_163_36x_Connector peg w. friction 3m.png	36x	Connector peg w. friction 3m
p2_164_2x_Double conical wheel z20 w hole.png	2x	Double conical wheel z20 w/ hole
p2_165_2x_Brick 2x4 w cross hole, blue.png	2x	Brick 2x4 w/ cross hole, blue
p2_166_2x_Cross axle 5m with end stop.png	2x	Cross axle 5m with end stop
p2_167_8x_Connector peg 3m.png	8x	Connector peg 3m
p2_168_2x_Conical wheel z20.png	2x	Conical wheel z20
p2_169_2x_Double conical wheel z20.png	2x	Double conical wheel z20
p2_170_16x_1 2 bush.png	16x	1/2 bush
p2_171_14x_Cross axle 3m.png	14x	Cross axle 3m
p2_172_6x_Tube, w double 4.85 hole.png	6x	Tube, w/ double 4.85 hole
p2_173_2x_Wire clip, w cross hole.png	2x	Wire clip, w/ cross hole
p2_174_12x_Angle element 90 degrees [6].png	12x	Angle element 90 degrees [6]
p2_175_4x_Brick round 2x2, yellow.png	4x	Brick round 2x2, yellow
p2_176_6x_Technic 3m beam.png	6x	Technic 3m beam
p2_177_4x_T-beam 3x3 w hole.png	4x	T-beam 3x3 w/hole
p2_178_8x_Technic angular beam 2x4 90 degrees.png	8x	Technic angular beam 2x4 90 degrees
p2_179_4x_Triangle.png	4x	Triangle
p2_180_4x_Brick 1x6 w bow.png	4x	Brick 1x6 w/bow
p2_181_2x_Brick 2x4 w cross hole, yellow.png	2x	Brick 2x4 w/ cross hole, yellow
p2_182_4x_Technic angular beam 3x7.png	4x	Technic angular beam 3x7
p2_183_4x_Cross axle, extension, 2m.png	4x	Cross axle, extension, 2m
p2_184_6x_2m friction snap w cross hole.png	6x	2m friction snap w/cross hole
p2_185_8x_Cross axle with 2m snap w fric..png	8x	Cross axle with 2m snap w/ fric.
p2_186_2x_Flat tile round 2x2, red.png	2x	Flat tile round 2x2, red
p2_187_2x_Rubber band, red.png	2x	Rubber band, red
p2_188_2x_Wire clip, w cross hole.png	2x	Wire clip, w/ cross hole
p2_189_12x_Cross block 3m.png	12x	Cross block 3m
p2_190_4x_Technic cross block fork 2x2.png	4x	Technic cross block fork 2x2
p2_191_2x_Brick 2x4 w cross hole, red.png	2x	Brick 2x4 w/ cross hole, red
p2_192_8x_2m cross axle w groove.png	8x	2m cross axle w/groove
p2_193_4x_Cross axle 6m.png	4x	Cross axle 6m
p2_194_2x_Cross axle 12m.png	2x	Cross axle 12m
p2_195_2x_Brick 2x4 w cross hole, green.png	2x	Brick 2x4 w/ cross hole, green
p2_196_8x_Technic 5m beam.png	8x	Technic 5m beam
p2_197_6x_Technic 11m beam.png	6x	Technic 11m beam
p2_198_4x_Biscuit 1x3x3, magenta.png	4x	Biscuit 1x3x3, magenta
p2_199_2x_Brick 2x4 w cross hole, magenta.png	2x	Brick 2x4 w/ cross hole, magenta
p2_200_4x_Technic frame 7x11.png	4x	Technic frame 7x11
p2_201_2x_Lower part turntable z60.png	2x	Lower part turntable z60
p2_202_8x_Technic frame hnic frame 5x7.png	8x	Technic frame hnic frame 5x7
p2_203_6x_Technic 15m beam 15m beam.png	6x	Technic 15m beam 15m beam
p2_204_4x_Bowed panel 3x7x2.png	4x	Bowed panel 3x7x2
p2_205_2x_Upper part turntable z60.png	2x	Upper part turntable z60
p2_206_6x_Technic 13m beam.png	6x	Technic 13m beam
p2_207_4x_Wheel 88.png	4x	Wheel ø88
p2_208_8x_1 4 Circle gear rack 11x11.png	8x	1/4 Circle gear rack 11x11
p2_209_2x_Cross axle 32m.png	2x	Cross axle 32m
p2_210_1x_Color Sensor.png	1x	Color Sensor
p2_211_1x_Large Motor.png	1x	Large Motor
p2_212_2x_Technic frame 11x15.png	2x	Technic frame 11x15